/*
# Limpiar base de datos y cargar productos actualizados

## Descripción
Este script elimina todos los datos operacionales existentes (productos, categorías, ventas, 
producciones, insumos, recetas, movimientos de inventario) y carga el catálogo de productos 
actualizado con los precios y categorías especificadas.

## Cambios
1. Elimina datos de: sale_items, sales, productions, recipes, inventory_movements, 
   products, supplies, categories (en orden por foreign keys)
2. Inserta nuevas categorías organizadas por tipo de producto
3. Inserta el catálogo completo de productos con precios actualizados
4. Inserta insumos de charcutería (vendidos por kilo)

## Notas importantes
1. Se usa DELETE en lugar de TRUNCATE para respetar las foreign keys
2. Los códigos de producto se generan automáticamente con formato CAT-###
3. Los precios están en pesos colombianos
4. Charcutería se marca como insumos porque se vende por peso, no por unidad
*/

-- ============================================================
-- LIMPIAR DATOS EXISTENTES (orden por dependencias de foreign keys)
-- ============================================================
DELETE FROM sale_items;
DELETE FROM sales;
DELETE FROM inventory_movements;
DELETE FROM productions;
DELETE FROM recipes;
DELETE FROM products;
DELETE FROM supplies;
DELETE FROM categories;

-- ============================================================
-- INSERTAR NUEVAS CATEGORÍAS
-- ============================================================
INSERT INTO categories (id, name) VALUES
  ('11111111-1111-1111-1111-111111111001', 'Panes'),
  ('11111111-1111-1111-1111-111111111002', 'Chucherías'),
  ('11111111-1111-1111-1111-111111111003', 'Repostería'),
  ('11111111-1111-1111-1111-111111111004', 'Bebidas'),
  ('11111111-1111-1111-1111-111111111005', 'Charcutería');

-- ============================================================
-- INSERTAR PRODUCTOS - PANES
-- ============================================================
INSERT INTO products (id, code, name, category_id, quantity, price, unit) VALUES
  ('21111111-1111-1111-1111-111111111001', 'PAN-001', 'Pan francés', '11111111-1111-1111-1111-111111111001', 0, 500, 'unidad'),
  ('21111111-1111-1111-1111-111111111002', 'PAN-002', 'Pan campesino', '11111111-1111-1111-1111-111111111001', 0, 3000, 'unidad'),
  ('21111111-1111-1111-1111-111111111003', 'PAN-003', 'Pan Piñita', '11111111-1111-1111-1111-111111111001', 0, 500, 'unidad'),
  ('21111111-1111-1111-1111-111111111004', 'PAN-004', 'Pan queso dulce pequeño', '11111111-1111-1111-1111-111111111001', 0, 1000, 'unidad'),
  ('21111111-1111-1111-1111-111111111005', 'PAN-005', 'Pan queso dulce grande', '11111111-1111-1111-1111-111111111001', 0, 1500, 'unidad'),
  ('21111111-1111-1111-1111-111111111006', 'PAN-006', 'Pan de queso venezolano', '11111111-1111-1111-1111-111111111001', 0, 3000, 'unidad'),
  ('21111111-1111-1111-1111-111111111007', 'PAN-007', 'Pan cachito', '11111111-1111-1111-1111-111111111001', 0, 3000, 'unidad'),
  ('21111111-1111-1111-1111-111111111008', 'PAN-008', 'Pan de tocineta', '11111111-1111-1111-1111-111111111001', 0, 3000, 'unidad'),
  ('21111111-1111-1111-1111-111111111009', 'PAN-009', 'Mogolla arequipe', '11111111-1111-1111-1111-111111111001', 0, 1000, 'unidad'),
  ('21111111-1111-1111-1111-111111111010', 'PAN-010', 'Mogolla bocadillo', '11111111-1111-1111-1111-111111111001', 0, 1000, 'unidad'),
  ('21111111-1111-1111-1111-111111111011', 'PAN-011', 'Pan de guayaba', '11111111-1111-1111-1111-111111111001', 0, 5000, 'unidad'),
  ('21111111-1111-1111-1111-111111111012', 'PAN-012', 'Orejones', '11111111-1111-1111-1111-111111111001', 0, 1500, 'unidad'),
  ('21111111-1111-1111-1111-111111111013', 'PAN-013', 'Cortados', '11111111-1111-1111-1111-111111111001', 0, 1500, 'unidad'),
  ('21111111-1111-1111-1111-111111111014', 'PAN-014', 'Pan de mantequilla', '11111111-1111-1111-1111-111111111001', 0, 500, 'unidad'),
  ('21111111-1111-1111-1111-111111111015', 'PAN-015', 'Mogolla de leche', '11111111-1111-1111-1111-111111111001', 0, 2000, 'unidad'),
  ('21111111-1111-1111-1111-111111111016', 'PAN-016', 'Pan andino', '11111111-1111-1111-1111-111111111001', 0, 6000, 'unidad'),
  ('21111111-1111-1111-1111-111111111017', 'PAN-017', 'Pan de perro', '11111111-1111-1111-1111-111111111001', 0, 8000, 'unidad'),
  ('21111111-1111-1111-1111-111111111018', 'PAN-018', 'Pan de hamburguesa', '11111111-1111-1111-1111-111111111001', 0, 8000, 'unidad'),
  ('21111111-1111-1111-1111-111111111019', 'PAN-019', 'Pan lavada', '11111111-1111-1111-1111-111111111001', 0, 5000, 'unidad');

-- ============================================================
-- INSERTAR PRODUCTOS - CHUCHERÍAS
-- ============================================================
INSERT INTO products (id, code, name, category_id, quantity, price, unit) VALUES
  ('22111111-1111-1111-1111-111111111001', 'CHU-001', 'Samba pequeña', '11111111-1111-1111-1111-111111111002', 0, 2500, 'unidad'),
  ('22111111-1111-1111-1111-111111111002', 'CHU-002', 'Samba grande', '11111111-1111-1111-1111-111111111002', 0, 5000, 'unidad'),
  ('22111111-1111-1111-1111-111111111003', 'CHU-003', 'Galletas pegadas', '11111111-1111-1111-1111-111111111002', 0, 4000, 'unidad'),
  ('22111111-1111-1111-1111-111111111004', 'CHU-004', 'Galleta María', '11111111-1111-1111-1111-111111111002', 0, 10000, 'unidad'),
  ('22111111-1111-1111-1111-111111111005', 'CHU-005', 'Chocolate Saboy', '11111111-1111-1111-1111-111111111002', 0, 7000, 'unidad'),
  ('22111111-1111-1111-1111-111111111006', 'CHU-006', 'Chocolate Cricri', '11111111-1111-1111-1111-111111111002', 0, 7000, 'unidad'),
  ('22111111-1111-1111-1111-111111111007', 'CHU-007', 'Chocolate Galak', '11111111-1111-1111-1111-111111111002', 0, 7000, 'unidad'),
  ('22111111-1111-1111-1111-111111111008', 'CHU-008', 'Raquety queso', '11111111-1111-1111-1111-111111111002', 0, 4000, 'unidad'),
  ('22111111-1111-1111-1111-111111111009', 'CHU-009', 'Raquety picante', '11111111-1111-1111-1111-111111111002', 0, 4000, 'unidad'),
  ('22111111-1111-1111-1111-111111111010', 'CHU-010', 'Tos ton ton', '11111111-1111-1111-1111-111111111002', 0, 6000, 'unidad'),
  ('22111111-1111-1111-1111-111111111011', 'CHU-011', 'Ovomaltina', '11111111-1111-1111-1111-111111111002', 0, 7000, 'unidad'),
  ('22111111-1111-1111-1111-111111111012', 'CHU-012', 'Palitos', '11111111-1111-1111-1111-111111111002', 0, 3000, 'unidad'),
  ('22111111-1111-1111-1111-111111111013', 'CHU-013', 'Pepito original pequeño', '11111111-1111-1111-1111-111111111002', 0, 4000, 'unidad'),
  ('22111111-1111-1111-1111-111111111014', 'CHU-014', 'Pepito original grande', '11111111-1111-1111-1111-111111111002', 0, 8000, 'unidad');

-- ============================================================
-- INSERTAR PRODUCTOS - REPOSTERÍA
-- ============================================================
INSERT INTO products (id, code, name, category_id, quantity, price, unit) VALUES
  ('23111111-1111-1111-1111-111111111001', 'REP-001', 'Enrrollados', '11111111-1111-1111-1111-111111111003', 0, 3500, 'unidad'),
  ('23111111-1111-1111-1111-111111111002', 'REP-002', 'Quesillo', '11111111-1111-1111-1111-111111111003', 0, 10000, 'unidad'),
  ('23111111-1111-1111-1111-111111111003', 'REP-003', 'Donas', '11111111-1111-1111-1111-111111111003', 0, 3000, 'unidad'),
  ('23111111-1111-1111-1111-111111111004', 'REP-004', 'Torta de chocolate', '11111111-1111-1111-1111-111111111003', 0, 10000, 'unidad'),
  ('23111111-1111-1111-1111-111111111005', 'REP-005', 'Mil hojas', '11111111-1111-1111-1111-111111111003', 0, 5000, 'unidad'),
  ('23111111-1111-1111-1111-111111111006', 'REP-006', 'Brazo gitanos', '11111111-1111-1111-1111-111111111003', 0, 10000, 'unidad');

-- ============================================================
-- INSERTAR PRODUCTOS - REPOSTERÍA (ADICIONALES Y PRODUCTOS VARIOS)
-- ============================================================
INSERT INTO products (id, code, name, category_id, quantity, price, unit) VALUES
  ('24111111-1111-1111-1111-111111111001', 'VAR-001', 'Mayonesa pequeña', '11111111-1111-1111-1111-111111111003', 0, 10000, 'unidad'),
  ('24111111-1111-1111-1111-111111111002', 'VAR-002', 'Mayonesa mediana', '11111111-1111-1111-1111-111111111003', 0, 17000, 'unidad'),
  ('24111111-1111-1111-1111-111111111003', 'VAR-003', 'Mayonesa grande', '11111111-1111-1111-1111-111111111003', 0, 35000, 'unidad'),
  ('24111111-1111-1111-1111-111111111004', 'VAR-004', 'Mantequilla pequeña', '11111111-1111-1111-1111-111111111003', 0, 10000, 'unidad'),
  ('24111111-1111-1111-1111-111111111005', 'VAR-005', 'Mantequilla mediana', '11111111-1111-1111-1111-111111111003', 0, 15000, 'unidad'),
  ('24111111-1111-1111-1111-111111111006', 'VAR-006', 'Mantequilla grande', '11111111-1111-1111-1111-111111111003', 0, 25000, 'unidad'),
  ('24111111-1111-1111-1111-111111111007', 'VAR-007', 'Adobo', '11111111-1111-1111-1111-111111111003', 0, 10000, 'unidad'),
  ('24111111-1111-1111-1111-111111111008', 'VAR-008', 'Leche condensada', '11111111-1111-1111-1111-111111111003', 0, 15000, 'unidad'),
  ('24111111-1111-1111-1111-111111111009', 'VAR-009', 'Vainilla Tasti', '11111111-1111-1111-1111-111111111003', 0, 8000, 'unidad'),
  ('24111111-1111-1111-1111-111111111010', 'VAR-010', 'Riqueza pequeña', '11111111-1111-1111-1111-111111111003', 0, 16000, 'unidad'),
  ('24111111-1111-1111-1111-111111111011', 'VAR-011', 'Riqueza grande', '11111111-1111-1111-1111-111111111003', 0, 22000, 'unidad'),
  ('24111111-1111-1111-1111-111111111012', 'VAR-012', 'Salsa de tomate', '11111111-1111-1111-1111-111111111003', 0, 12000, 'unidad'),
  ('24111111-1111-1111-1111-111111111013', 'VAR-013', 'Salsa china', '11111111-1111-1111-1111-111111111003', 0, 7000, 'unidad'),
  ('24111111-1111-1111-1111-111111111014', 'VAR-014', 'Crema de arroz', '11111111-1111-1111-1111-111111111003', 0, 15000, 'unidad'),
  ('24111111-1111-1111-1111-111111111015', 'VAR-015', 'Fororo', '11111111-1111-1111-1111-111111111003', 0, 7000, 'unidad'),
  ('24111111-1111-1111-1111-111111111016', 'VAR-016', 'Cerelac 400g', '11111111-1111-1111-1111-111111111003', 0, 25000, 'unidad'),
  ('24111111-1111-1111-1111-111111111017', 'VAR-017', 'Tody 200g', '11111111-1111-1111-1111-111111111003', 0, 16000, 'unidad'),
  ('24111111-1111-1111-1111-111111111018', 'VAR-018', 'Pastas 500g', '11111111-1111-1111-1111-111111111003', 0, 5000, 'unidad'),
  ('24111111-1111-1111-1111-111111111019', 'VAR-019', 'Diablito pequeño', '11111111-1111-1111-1111-111111111003', 0, 7000, 'unidad'),
  ('24111111-1111-1111-1111-111111111020', 'VAR-020', 'Diablito grande', '11111111-1111-1111-1111-111111111003', 0, 12000, 'unidad');

-- ============================================================
-- INSERTAR PRODUCTOS - BEBIDAS
-- ============================================================
INSERT INTO products (id, code, name, category_id, quantity, price, unit) VALUES
  ('25111111-1111-1111-1111-111111111001', 'BEB-001', 'Coca Cola Personal', '11111111-1111-1111-1111-111111111004', 0, 2000, 'unidad'),
  ('25111111-1111-1111-1111-111111111002', 'BEB-002', 'Coca Cola 1.5L', '11111111-1111-1111-1111-111111111004', 0, 7000, 'unidad'),
  ('25111111-1111-1111-1111-111111111003', 'BEB-003', 'Maltin 1.5L', '11111111-1111-1111-1111-111111111004', 0, 15000, 'unidad'),
  ('25111111-1111-1111-1111-111111111004', 'BEB-004', 'Maltin lata', '11111111-1111-1111-1111-111111111004', 0, 5000, 'unidad'),
  ('25111111-1111-1111-1111-111111111005', 'BEB-005', 'Frescolita', '11111111-1111-1111-1111-111111111004', 0, 10000, 'unidad');

-- ============================================================
-- INSERTAR INSUMOS - CHARCUTERÍA (vendidos por kilo)
-- Los productos de charcutería se manejan como insumos porque
-- su inventario se controla por peso y no por unidad
-- ============================================================
INSERT INTO supplies (id, name, quantity, unit, min_stock) VALUES
  ('31111111-1111-1111-1111-111111111001', 'Jamón de pierna', 0, 'kg', 1),
  ('31111111-1111-1111-1111-111111111002', 'Jamón ahumado', 0, 'kg', 1),
  ('31111111-1111-1111-1111-111111111003', 'Queso amarillo', 0, 'kg', 1),
  ('31111111-1111-1111-1111-111111111004', 'Queso mozzarella', 0, 'kg', 1),
  ('31111111-1111-1111-1111-111111111005', 'Queso semiduro', 0, 'kg', 1),
  ('31111111-1111-1111-1111-111111111006', 'Chuleta ahumada', 0, 'kg', 0.5),
  ('31111111-1111-1111-1111-111111111007', 'Tocineta ahumada', 0, 'kg', 0.5);

-- ============================================================
-- CREAR PRODUCTOS DE CHARCUTERÍA (para referencia de precios por kg)
-- ============================================================
INSERT INTO products (id, code, name, category_id, quantity, price, unit) VALUES
  ('26111111-1111-1111-1111-111111111001', 'CHA-001', 'Jamón de pierna', '11111111-1111-1111-1111-111111111005', 0, 50000, 'kg'),
  ('26111111-1111-1111-1111-111111111002', 'CHA-002', 'Jamón ahumado', '11111111-1111-1111-1111-111111111005', 0, 50000, 'kg'),
  ('26111111-1111-1111-1111-111111111003', 'CHA-003', 'Queso amarillo', '11111111-1111-1111-1111-111111111005', 0, 65000, 'kg'),
  ('26111111-1111-1111-1111-111111111004', 'CHA-004', 'Queso mozzarella', '11111111-1111-1111-1111-111111111005', 0, 45000, 'kg'),
  ('26111111-1111-1111-1111-111111111005', 'CHA-005', 'Queso semiduro', '11111111-1111-1111-1111-111111111005', 0, 23000, 'kg'),
  ('26111111-1111-1111-1111-111111111006', 'CHA-006', 'Chuleta ahumada', '11111111-1111-1111-1111-111111111005', 0, 40000, 'kg'),
  ('26111111-1111-1111-1111-111111111007', 'CHA-007', 'Tocineta ahumada', '11111111-1111-1111-1111-111111111005', 0, 40000, 'kg');
